﻿ArtistID;Name;BirthYear;Country;Bio
1;Leonardo da Vinci;1452;Italy;Painter, engineer, scientist
2;Vincent van Gogh;1853;Netherlands;Post-Impressionist painter
3;Frida Kahlo;1907;Mexico;Iconic self-portrait artist
4;Pablo Picasso;1881;Spain;Cubism pioneer
5;Claude Monet;1840;France;Founder of French Impressionist painting
6;Georgia O'Keeffe;1887;USA;Modernist and flower painter
7;Andy Warhol;1928;USA;Leading figure in pop art
8;Salvador Dalí;1904;Spain;Surrealist painter
9;Edvard Munch;1863;Norway;Painter of 'The Scream'
10;Rembrandt;1606;Netherlands;Dutch Golden Age master