﻿ArtworkID;Title;YearCreated;Medium;ArtistID;GalleryID
1;Mona Lisa;1744;Watercolor;1;4
2;The Last Supper;1872;Watercolor;1;2
3;Starry Night;1734;Tempera;2;4
4;Sunflowers;1923;Mixed media;2;3
5;The Two Fridas;1943;Ink;3;8
6;Self Portrait with Thorn Necklace;1707;Digital;3;7
7;Guernica;1796;Watercolor;4;6
8;Les Demoiselles d'Avignon;1600;Digital;4;6
9;Water Lilies;1618;Ink;5;3
10;Impression, Sunrise;1884;Oil on canvas;5;1
11;Jimson Weed;1956;Digital;6;8
12;Black Iris III;1740;Ink;6;4
13;Campbell's Soup Cans;1694;Sculpture;7;8
14;Marilyn Diptych;1740;Sculpture;7;7
15;The Persistence of Memory;2018;Sculpture;8;8
16;Swans Reflecting Elephants;1769;Sculpture;8;8
17;The Scream;1645;Tempera;9;5
18;Madonna;1755;Sculpture;9;1
19;The Night Watch;1783;Watercolor;10;3
20;The Storm on the Sea of Galilee;1764;Ink;10;1
21;Vitruvian Man;1771;Oil on canvas;1;3
22;Portrait of Ginevra de' Benci;1614;Mixed media;1;1
23;Irises;1737;Watercolor;2;5
24;Bedroom in Arles;1818;Mixed media;2;8
25;Diego on My Mind;1979;Tempera;3;6
26;Henry Ford Hospital;1719;Watercolor;3;6
27;The Weeping Woman;1661;Watercolor;4;1
28;Girl Before a Mirror;1761;Mixed media;4;7
29;Woman with a Parasol;1947;Tempera;5;7
30;Poppies;1705;Ink;5;6
31;Red Canna;1765;Oil on canvas;6;5
32;Sky Above Clouds IV;1769;Mixed media;6;1
33;Eight Elvises;1709;Sculpture;7;7
34;Silver Car Crash;1614;Tempera;7;5
35;Metamorphosis of Narcissus;1717;Sculpture;8;6
36;Lobster Telephone;1741;Tempera;8;5
37;Ashes;1717;Sculpture;9;2
38;Dance of Life;1915;Mixed media;9;7
39;The Jewish Bride;1646;Digital;10;3
40;The Anatomy Lesson of Dr. Nicolaes Tulp;1640;Mixed media;10;2