﻿TransactionID;OwnerID;Role
1;14;buyer
1;16;seller
2;9;buyer
2;15;seller
3;7;buyer
3;17;seller
4;5;buyer
4;10;seller
5;7;buyer
5;13;seller
6;3;buyer
6;10;seller
7;3;buyer
7;19;seller
8;6;buyer
8;17;seller
9;14;buyer
9;17;seller
10;7;buyer
10;12;seller
11;17;buyer
11;14;seller
12;6;buyer
12;20;seller
13;14;buyer
13;16;seller
14;20;buyer
14;17;seller
15;15;buyer
15;20;seller
16;11;buyer
16;10;seller
17;16;buyer
17;11;seller
18;19;buyer
18;7;seller
19;6;buyer
19;14;seller
20;17;buyer
20;15;seller
21;20;buyer
21;19;seller
22;15;buyer
22;4;seller
23;10;buyer
23;7;seller
24;13;buyer
24;2;seller
25;15;buyer
25;20;seller
26;8;buyer
26;12;seller
27;18;buyer
27;16;seller
28;2;buyer
28;1;seller
29;14;buyer
29;11;seller
30;13;buyer
30;16;seller
31;7;buyer
31;13;seller
32;11;buyer
32;1;seller
33;7;buyer
33;12;seller
34;8;buyer
34;6;seller
35;13;buyer
35;16;seller
36;13;buyer
36;5;seller
37;8;buyer
37;6;seller
38;4;buyer
38;14;seller
39;20;buyer
39;2;seller
40;17;buyer
40;15;seller
41;2;buyer
41;12;seller
42;18;buyer
42;9;seller
43;13;buyer
43;7;seller
44;13;buyer
44;12;seller
45;7;buyer
45;1;seller
46;1;buyer
46;13;seller
47;15;buyer
47;9;seller
48;5;buyer
48;17;seller
49;14;buyer
49;8;seller
50;7;buyer
50;9;seller