CritiqueID;CriticName;Date;Rating;Comment;ArtworkID
1;Taylor Martinez;2001-03-19;9;Process community doctor cup long dog school father.;14
2;Timothy Stevens;1971-09-17;7;Use produce feel at budget why free.;11
3;Nicholas Moran;2022-01-10;3;Ten age artist hundred upon player customer.;40
4;Brittany Johnson;2005-10-06;9;Watch strong capital under need whether billion.;30
5;Travis Vargas;2023-06-16;3;True fight ever real animal full if.;24
6;Charles Butler;2015-04-06;5;Much party specific wear.;17
7;Dennis Dominguez;1993-05-20;4;Hundred down computer action attention.;31
8;Amanda Taylor;2000-02-12;6;Need however history appear various great accept.;39
9;Michael Rios;1993-08-16;1;Language industry age sport and.;15
10;Aaron Wheeler;2014-01-20;3;Hundred however yourself within wrong.;1
11;Brent Young;1985-02-23;7;Customer necessary do happy man.;14
12;John Johnson;1988-12-31;4;Owner space opportunity part.;15
13;Amy Roberts;2016-02-03;2;Ten he image example.;18
14;Michelle Hubbard PhD;2021-10-11;1;Practice individual career million they.;40
15;Douglas Griffin;2022-05-06;10;Professional sister agency somebody significant.;7
16;Melissa Hicks;2010-06-08;1;Design bill decide even culture fly.;29
17;Joseph Black;1979-08-25;9;Candidate film small white whatever clear guess.;11
18;Melissa Baldwin;2014-11-25;3;Indeed happen sell.;16
19;Brenda Ferrell;2019-03-05;2;May capital camera first.;1
20;Timothy Simmons;1977-03-22;7;Until certainly issue you decide kitchen Democrat after.;30
21;Matthew Kemp;2020-07-07;3;Ready car prepare themselves all.;17
22;Jennifer Johnson;1991-03-05;2;Economic talk begin open gas among.;34
23;Donna Chavez;1995-05-02;6;Difference mother example establish degree PM.;7
24;David Adams DDS;2004-09-05;3;Teach already view.;21
25;Doris Graham;2012-07-30;10;Life single never cell.;9
26;Christine Frazier;2000-04-10;2;Trip how service page charge.;13
27;Jeffery Smith;1997-08-03;1;Song soldier small employee real region onto.;34
28;Donald Gonzalez;2002-12-11;2;Short fire before pull office card.;2
29;Paul Mcdaniel;1988-07-22;3;Our manager build subject along.;1
30;Daniel Taylor;2013-09-26;6;Southern control color watch our.;40
31;Sonya Cobb;1990-01-11;1;Key Congress senior offer I she western.;30
32;Joshua Rose;1989-03-20;5;Recent night only mind traditional education position.;14
33;Mark Mclaughlin;1972-05-05;2;Third Mr no shoulder its middle conference.;15
34;Amy Moore;1994-09-30;10;Personal responsibility goal piece show.;35
35;Melissa Blackwell;2001-06-05;3;Parent box whom dark.;1
36;Jonathan Schroeder;2015-12-10;3;They participant enjoy kid even.;9
37;Heather Bryant;2024-01-04;5;Someone measure share power effort my enough.;5
38;Cynthia Saunders;1997-05-27;10;Political involve baby gun professional meet.;25
39;Catherine Jones;1974-01-23;7;Play section government part just respond choose hundred.;7
40;Cynthia Wallace;2025-04-17;1;Read marriage gas fly.;18
41;Sally Castro;1977-10-17;3;Pass believe challenge none heart job.;40
42;Michael Meyers;1999-01-03;8;Our not like.;13
43;Lindsay Crawford;1995-11-07;10;Production difficult medical yourself free air.;22
44;Yolanda Hernandez;2000-08-25;4;Carry particularly success this drug race which.;25
45;Leslie Perkins;1986-08-17;1;World strategy rich notice.;36
46;Erin Mitchell;2012-07-05;4;Me whose else accept statement wait doctor build.;8
47;Katherine Berry;1993-03-12;3;Hundred news share paper question large would also.;3
48;Sandra Guerra;2011-03-08;7;Both body gun pass attack world present.;4
49;Shawn Orr;2012-03-12;2;Dog start wear than training.;4
50;Erin Munoz;1975-04-26;4;Activity particularly others father.;14
51;Kristine Hardin;2004-10-16;7;Result large chair arrive high then.;11
52;Maria Villarreal;2003-06-22;3;Official listen certainly work Mrs money.;17
53;James Madden;2008-05-08;1;Government early image report.;3
54;Ronald Miller;1998-01-25;7;Never green note which make.;10
55;Mark Smith;2005-12-21;5;Certain economic address customer white nor hot.;16
56;Ian Thompson;2016-03-03;10;Hair smile event what.;13
57;Taylor Hensley MD;2012-04-11;9;Role result method person maybe suggest.;13
58;Brian Mckinney;2017-06-16;4;Consumer card work ball share purpose economy let.;22
59;Johnny Collins;1979-11-29;5;Must analysis not.;5
60;Christopher White;1974-10-28;8;Must must onto.;16