﻿ExhibitionID;ExhibitionName;Location;StartDate;EndDate;GalleryID
1;MediumBlue Exhibition;Smithburgh;2024-03-29;2024-05-23;6
2;Coral Exhibition;Lake Brittanyside;2023-09-29;2024-12-28;4
3;SpringGreen Exhibition;South Anthony;2023-08-02;2025-04-07;1
4;Olive Exhibition;Braunborough;2024-02-19;2024-04-07;2
5;SlateGray Exhibition;Rhondashire;2023-06-18;2024-09-14;6
6;SkyBlue Exhibition;Corybury;2024-01-03;2025-01-01;4
7;ForestGreen Exhibition;Michaelmouth;2023-06-27;2025-01-07;4
8;Yellow Exhibition;Jaredhaven;2023-09-08;2023-11-29;6
9;Beige Exhibition;Jacksonville;2023-12-24;2025-04-30;3
10;Lavender Exhibition;Luisberg;2023-10-27;2024-09-17;1
11;Beige Exhibition;North Jesseborough;2023-07-07;2024-08-07;3
12;DarkGray Exhibition;Matthewfurt;2024-01-13;2024-07-16;3
13;LightCoral Exhibition;Brandonview;2024-02-22;2025-01-12;6
14;LightCoral Exhibition;South Angel;2023-10-28;2025-01-31;2
15;SlateBlue Exhibition;Lake Rosemouth;2023-07-26;2025-01-08;6
16;Gold Exhibition;North Wendy;2023-07-08;2025-02-01;2
17;LemonChiffon Exhibition;Port Robertport;2023-07-02;2023-12-12;6
18;IndianRed Exhibition;West Bradleytown;2024-03-27;2024-10-03;8
19;YellowGreen Exhibition;Jaredview;2023-07-25;2024-03-14;3
20;DarkGreen Exhibition;Port Robertton;2024-03-25;2024-08-15;2
21;BurlyWood Exhibition;East Shelley;2023-11-04;2024-09-03;8
22;Chartreuse Exhibition;South Bill;2024-02-15;2024-09-20;7
23;AliceBlue Exhibition;Millerberg;2024-02-03;2025-04-23;7
24;LawnGreen Exhibition;Erikton;2024-05-22;2024-11-02;5
25;RosyBrown Exhibition;Alexisfort;2023-07-31;2023-12-24;5