﻿GalleryID;Name;Address;Phone;Manager
1;The Louvre;"17523 Richard Row
New Reneeburgh, DE 06092";784.251.9710x87924;Alexander Cisneros
2;The British Museum;"221 Hood Unions
Port Donald, AK 09760";+1-899-058-5975;William Keller
3;The Met;"PSC 8325, Box 2279
APO AE 62517";001-613-712-9295x5931;Janet Johnson
4;Uffizi Gallery;"7704 Williams Shore
Garciastad, CO 31978";+1-022-584-7043x17054;James Tucker
5;Tate Modern;"701 Jacqueline Springs Suite 761
Ericport, LA 47522";419-216-4154x27951;David Garcia
6;Guggenheim Museum;"0947 Tracey Lake
Sarahview, AK 58313";001-608-204-9959x3389;Laura Jordan
7;Museo del Prado;"98813 Fletcher Tunnel
New Charlesland, NE 26712";(003)434-1811x92998;Shane Alexander
8;Art Institute of Chicago;"9529 Miller Freeway Apt. 109
South Theresahaven, NY 40556";629.637.4707x49815;Sarah Solomon