﻿OwnerID;Name;ContactInfo;OwnerType
1;Stacie Garcia;"16969 Lawrence Burg
North Rachelburgh, ND 16214";Organization
2;Jennifer Howell;"22340 Velez Parks Suite 047
Wadeville, VT 65774";Individual
3;Priscilla Jones;"13621 Larry Stream
Taylorton, PA 95304";Organization
4;Jessica Lopez;"49880 Sims Place
New John, CO 54064";Organization
5;Julie Berg;"74592 Mccall Oval Apt. 534
Ronaldfort, NV 99070";Organization
6;Jasmine Clark;"8967 Banks Squares
South Nicoleton, UT 42272";Individual
7;Christopher Guerra;"245 Taylor Spurs
Lake Marisa, WA 93472";Individual
8;Michael Owen;"17310 Davis Trail Apt. 435
Chelseaside, NJ 39321";Individual
9;Jessica Barnes;"81510 King Bypass Suite 299
Port Eugene, CA 54289";Individual
10;Roger Kane;"796 Baldwin Spur
Josephside, WI 99540";Individual
11;Heather Hobbs;"676 Fisher Stream
Stevenberg, RI 02683";Organization
12;Hector Clark;"382 Steve Avenue
Masonstad, KY 45905";Individual
13;Natalie Davis;"231 Bishop Fields Apt. 894
West Michaelview, OH 39015";Individual
14;Tara Anthony;"4931 Little Lights
Rodriguezport, AR 70634";Individual
15;Rachel Walker;"140 Maxwell Camp
East Charlesborough, IN 81760";Individual
16;Sharon Ball;"364 George Lane Apt. 973
Harrelltown, HI 91489";Individual
17;Christopher Dorsey;"PSC 3944, Box 5779
APO AP 81461";Individual
18;Heather Jackson;"USS Mendez
FPO AP 40844";Individual
19;Sarah Nguyen;"779 Smith Points
West Kellyburgh, ME 51426";Organization
20;Victor Martinez;"629 Dakota Crest Suite 255
Lake Andrewville, WY 00626";Organization