﻿RestorationID;Date;RestorerName;Notes;ArtworkID
1;1971-10-15;Natasha Cunningham DDS;Real exactly personal push culture example grow.;11
2;1986-04-08;Terri Jones;Adult store practice.;15
3;1990-10-22;Jerry Taylor;Culture if western action school worry talk.;23
4;1977-04-18;Devin Mccullough;Office interesting news clearly sing again.;23
5;1986-01-14;Juan Cox;Reveal do save could north herself quality.;16
6;1987-02-14;Teresa Lewis;None land bed officer big figure recently matter.;32
7;1980-03-02;Tina Ross;Various become lose hard.;21
8;2022-12-27;Keith Peterson;War reason have cost serve short.;20
9;2023-12-30;Connie Paul;Professor sister thousand trial want draw.;37
10;1979-03-21;Stanley Butler;Hear main surface evidence kid.;3
11;1995-03-04;Ronald Evans;Claim rest another paper center cup kid.;4
12;1972-08-06;Jamie Coleman;Pm responsibility build boy spring public.;37
13;2014-11-16;Dwayne Escobar;Offer just heavy. Table enough traditional.;29
14;1979-12-12;William Mccarty;Price music against her main few.;5
15;2001-06-26;Michelle Wood;Hard find over modern.;12
16;1999-05-16;Michael Cowan;Push current but environment maybe alone true.;12
17;1996-11-19;Douglas Franklin;Third gun when hair might.;34
18;2013-12-31;Robert Allen;Without skin poor difficult leg often accept bag.;5
19;1990-04-26;Charlotte Ward;During dark item with crime. Little detail three.;34
20;2010-02-10;Emily Smith;Order star do foreign.;10
21;2017-03-31;William Morris;Buy third manager trip top little ahead.;16
22;1990-02-06;Mary Taylor;Your say question role describe pay sort.;27
23;2004-08-23;Kyle Santana;Song you trouble foot Republican.;35
24;1993-08-30;Xavier Garcia;Fire difficult force true act class use.;4
25;2018-01-18;Derek Wyatt;Book individual whether study record out save.;1
26;1977-09-22;Kimberly Butler;Heavy within thank exist.;10
27;1982-07-01;Diana Lawrence;Wind full Democrat audience natural drop place.;31
28;1983-01-20;Ryan Smith;Data education size little.;18
29;1990-10-22;Cheryl Benjamin;Congress go however ability call budget.;14
30;2001-08-01;Jessica Ortiz;White statement close eight paper rule message.;34